City_ID,City,Country,Date,Lat,Lng,Max Temp,Humidity,Cloudiness,Wind Speed
0,Port Alfred,ZA,2020-08-25  20:49:30,-33.59,26.89,61.25,72,0,16.98
1,Bredasdorp,ZA,2020-08-25  20:49:30,-34.53,20.04,55.4,93,95,3.36
2,Brigantine,US,2020-08-25  20:49:31,39.41,-74.36,90.0,52,20,14.99
3,Puerto Ayora,EC,2020-08-25  20:44:40,-0.74,-90.35,77.0,57,75,23.04
4,Jinka,ET,2020-08-25  20:49:31,5.65,36.65,68.59,67,64,0.6
5,Skive,DK,2020-08-25  20:49:31,56.57,9.03,57.2,87,75,11.41
6,Mezen,RU,2020-08-25  20:49:31,65.85,44.24,48.13,82,0,7.36
7,Faanui,PF,2020-08-25  20:49:31,-16.48,-151.75,76.14,82,34,19.95
8,Harper,LR,2020-08-25  20:49:32,4.38,-7.72,75.36,83,86,7.27
9,Albany,US,2020-08-25  20:45:07,42.6,-73.97,79.0,73,6,14.36
10,Saint-Philippe,RE,2020-08-25  20:44:37,-21.36,55.77,68.0,72,75,5.82
11,Timra,SE,2020-08-25  20:45:18,62.49,17.33,53.01,87,57,2.24
12,Dikson,RU,2020-08-25  20:49:32,73.51,80.55,48.43,87,0,7.43
13,Strezhevoy,RU,2020-08-25  20:49:32,60.73,77.59,48.2,100,2,2.46
14,Hilo,US,2020-08-25  20:47:50,19.73,-155.09,84.2,62,1,6.93
15,Turayf,SA,2020-08-25  20:49:33,31.67,38.66,82.4,34,0,10.29
16,Mataura,NZ,2020-08-25  20:49:33,-46.19,168.86,36.84,89,69,4.88
17,Samana,DO,2020-08-25  20:47:55,19.21,-69.34,84.2,83,75,4.7
18,Melfi,IT,2020-08-25  20:49:33,41.0,15.65,67.06,74,0,3.0
19,Birao,CF,2020-08-25  20:49:33,10.28,22.79,72.19,93,41,3.78
20,Ushuaia,AR,2020-08-25  20:49:34,-54.8,-68.3,42.8,56,40,5.35
21,Brae,GB,2020-08-25  20:49:34,60.4,-1.35,53.6,76,32,19.46
22,Clifton Springs,AU,2020-08-25  20:49:34,-38.15,144.57,41.0,100,1,5.82
23,Narsaq,GL,2020-08-25  20:49:34,60.92,-46.05,53.6,58,20,8.05
24,Nishihara,JP,2020-08-25  20:45:07,26.18,127.76,82.0,94,75,13.87
25,Ribeira Grande,PT,2020-08-25  20:49:34,38.52,-28.7,75.2,94,75,8.05
26,Port Blair,IN,2020-08-25  20:49:35,11.67,92.75,81.14,80,88,8.14
27,Oktyabrskoye,RU,2020-08-25  20:49:35,43.06,44.74,55.4,82,0,4.47
28,Busselton,AU,2020-08-25  20:49:35,-33.65,115.33,46.99,77,52,2.21
29,Columbus,US,2020-08-25  20:45:58,39.96,-83.0,93.0,46,75,19.46
30,Tuatapere,NZ,2020-08-25  20:49:35,-46.13,167.68,38.46,84,43,6.82
31,Qaanaaq,GL,2020-08-25  20:44:41,77.48,-69.36,36.46,88,100,11.14
32,Punta Arenas,CL,2020-08-25  20:47:04,-53.15,-70.92,42.8,52,94,11.41
33,Dhidhdhoo,MV,2020-08-25  20:46:30,6.88,73.1,82.22,73,78,11.14
34,Siljan,NO,2020-08-25  20:49:36,59.29,9.71,52.0,1,100,2.01
35,Tessalit,ML,2020-08-25  20:49:36,20.2,1.01,95.29,29,90,5.59
36,Orebro,SE,2020-08-25  20:49:36,59.27,15.21,55.0,71,12,5.82
37,Yellowknife,CA,2020-08-25  20:49:36,62.46,-114.35,55.4,100,90,8.05
38,San Patricio,MX,2020-08-25  20:49:36,19.22,-104.7,84.2,79,75,18.34
39,Poronaysk,RU,2020-08-25  20:47:37,49.22,143.12,63.01,95,39,2.82
40,Ponta Do Sol,PT,2020-08-25  20:49:37,32.67,-17.1,73.4,69,20,20.8
41,Adrar,MR,2020-08-25  20:49:37,20.5,-10.07,98.67,20,84,17.96
42,Tuktoyaktuk,CA,2020-08-25  20:49:37,69.45,-133.04,46.4,93,90,8.05
43,Grindavik,IS,2020-08-25  20:45:05,63.84,-22.43,48.2,76,75,6.93
44,Kendari,ID,2020-08-25  20:49:37,-3.94,122.5,71.29,92,24,3.4
45,Zima,RU,2020-08-25  20:49:37,53.92,102.04,52.3,82,73,6.93
46,Linxi,CN,2020-08-25  20:49:37,39.7,118.43,71.94,82,100,3.09
47,Saskylakh,RU,2020-08-25  20:49:38,71.92,114.08,49.53,65,48,8.25
48,Jamestown,US,2020-08-25  20:49:38,42.1,-79.24,77.0,60,40,17.22
49,Kodiak,US,2020-08-25  20:49:38,57.79,-152.41,62.6,51,90,17.22
50,Zhigansk,RU,2020-08-25  20:49:38,66.77,123.37,41.76,65,0,6.51
51,Samarai,PG,2020-08-25  20:47:40,-10.62,150.67,78.35,87,100,18.61
52,Barrow,US,2020-08-25  20:49:39,71.29,-156.79,39.2,93,90,4.7
53,Leningradskiy,RU,2020-08-25  20:49:39,69.38,178.42,40.14,91,100,13.33
54,Luang Prabang,LA,2020-08-25  20:49:39,19.89,102.13,73.83,88,100,0.18
55,Rikitea,PF,2020-08-25  20:49:39,-23.12,-134.97,69.71,76,0,10.69
56,Atuona,PF,2020-08-25  20:49:39,-9.8,-139.03,78.48,74,27,13.09
57,Bethel,US,2020-08-25  20:47:32,41.37,-73.41,89.01,65,75,14.99
58,Yumen,CN,2020-08-25  20:49:40,40.28,97.2,65.75,27,0,1.21
59,Cabo San Lucas,MX,2020-08-25  20:46:17,22.89,-109.91,93.2,52,5,6.93
60,Shuangcheng,CN,2020-08-25  20:49:40,45.35,126.28,73.0,100,100,4.47
61,New Norfolk,AU,2020-08-25  20:49:40,-42.78,147.06,46.99,82,100,3.0
62,Bluff,NZ,2020-08-25  20:49:40,-46.6,168.33,44.26,76,86,17.45
63,Port Lincoln,AU,2020-08-25  20:44:41,-34.73,135.87,52.18,65,35,9.6
64,Esperance,AU,2020-08-25  20:49:40,-33.87,121.9,51.8,100,0,5.82
65,Arraial Do Cabo,BR,2020-08-25  20:48:05,-22.97,-42.03,69.8,64,75,16.11
66,Swift Current,CA,2020-08-25  20:49:41,50.28,-107.8,78.8,29,1,12.75
67,Neuquen,AR,2020-08-25  20:49:41,-38.95,-68.06,53.6,54,25,8.05
68,Mar Del Plata,AR,2020-08-25  20:45:01,-38.0,-57.56,55.4,93,90,2.24
69,Klaksvik,FO,2020-08-25  20:49:41,62.23,-6.59,46.4,81,91,1.12
70,Jasidih,IN,2020-08-25  20:49:41,24.52,86.65,80.29,82,100,5.48
71,Arlit,NE,2020-08-25  20:49:42,18.74,7.39,89.11,45,65,17.45
72,Ati,TD,2020-08-25  20:49:42,13.22,18.34,77.16,81,98,7.63
73,Port Hedland,AU,2020-08-25  20:47:54,-20.32,118.57,62.6,100,75,3.36
74,Clyde River,CA,2020-08-25  20:44:47,70.47,-68.59,44.74,69,1,8.23
75,La Paz,BO,2020-08-25  20:45:54,-16.5,-68.15,62.6,23,40,12.75
76,Ishigaki,JP,2020-08-25  20:49:42,24.34,124.16,83.21,87,95,20.24
77,Lagoa,PT,2020-08-25  20:49:42,39.05,-27.98,73.94,89,90,17.81
78,Akureyri,IS,2020-08-25  20:49:43,65.68,-18.09,50.0,76,20,5.82
79,Outlook,CA,2020-08-25  20:49:43,51.5,-107.05,79.0,28,9,4.0
80,Luanda,AO,2020-08-25  20:49:43,-8.84,13.23,73.4,78,75,8.05
81,Kaitangata,NZ,2020-08-25  20:45:04,-46.28,169.85,42.01,72,51,8.99
82,San Angelo,US,2020-08-25  20:47:28,31.46,-100.44,97.0,28,1,5.82
83,Bundaberg,AU,2020-08-25  20:49:43,-24.85,152.35,53.01,57,0,6.93
84,Hobyo,SO,2020-08-25  20:49:44,5.35,48.53,76.64,84,64,23.87
85,Sambava,MG,2020-08-25  20:49:44,-14.27,50.17,69.82,87,17,10.47
86,Taltal,CL,2020-08-25  20:49:44,-25.4,-70.48,59.14,54,0,3.91
87,Hope,US,2020-08-25  20:46:07,33.67,-93.59,93.99,49,86,1.99
88,Hambantota,LK,2020-08-25  20:49:45,6.12,81.12,77.0,100,5,3.36
89,Tasiilaq,GL,2020-08-25  20:49:45,65.61,-37.64,42.8,81,0,9.17
90,Hobart,AU,2020-08-25  20:49:45,-42.88,147.33,48.2,57,75,17.22
91,Norman Wells,CA,2020-08-25  20:49:45,65.28,-126.83,66.2,59,75,2.24
92,Tomatlan,MX,2020-08-25  20:49:46,19.93,-105.25,84.0,81,59,5.44
93,Nabire,ID,2020-08-25  20:49:46,-3.37,135.48,73.99,89,6,4.09
94,Butaritari,KI,2020-08-25  20:49:46,3.07,172.79,81.39,68,60,3.87
95,Mount Gambier,AU,2020-08-25  20:49:46,-37.83,140.77,39.2,93,75,8.05
96,Georgetown,MY,2020-08-25  20:49:46,5.41,100.34,78.8,94,20,3.36
97,Ancud,CL,2020-08-25  20:49:47,-41.87,-73.82,55.4,76,40,8.05
98,Salaberry-De-Valleyfield,CA,2020-08-25  20:48:37,45.25,-74.13,73.0,63,31,1.99
99,Pacific Grove,US,2020-08-25  20:49:47,36.62,-121.92,77.0,60,40,9.17
100,Chuy,UY,2020-08-25  20:49:47,-33.7,-53.46,61.9,71,100,9.69
101,Vaini,TO,2020-08-25  20:49:47,-21.2,-175.2,73.4,94,20,3.36
102,Ojinaga,MX,2020-08-25  20:49:48,29.57,-104.42,93.2,23,75,6.93
103,Thompson,CA,2020-08-25  20:46:55,55.74,-97.86,53.6,76,90,6.93
104,Udachnyy,RU,2020-08-25  20:49:48,66.42,112.4,46.4,68,4,4.47
105,Ierapetra,GR,2020-08-25  20:49:48,35.01,25.74,78.01,70,0,5.01
106,Gat,IL,2020-08-25  20:49:48,31.61,34.76,82.0,32,0,3.74
107,Forest Grove,US,2020-08-25  20:49:48,45.52,-123.11,80.01,41,1,4.7
108,Aklavik,CA,2020-08-25  20:49:48,68.22,-135.01,59.0,72,75,5.82
109,Paragominas,BR,2020-08-25  20:49:49,-2.97,-47.48,85.51,46,87,3.2
110,Fonte Boa,BR,2020-08-25  20:49:49,-2.5,-66.27,84.29,57,100,1.95
111,Quatre Cocos,MU,2020-08-25  20:49:49,-20.21,57.76,71.01,83,20,10.29
112,Mayor Pablo Lagerenza,PY,2020-08-25  20:49:49,-19.93,-60.77,93.42,23,0,9.08
113,Tuy Hoa,VN,2020-08-25  20:49:49,13.08,109.3,81.66,76,17,10.87
114,Ongandjera,NA,2020-08-25  20:49:49,-17.88,15.07,70.92,38,60,10.96
115,Lebu,CL,2020-08-25  20:49:49,-37.62,-73.65,53.19,76,0,18.81
116,Avarua,CK,2020-08-25  20:49:50,-21.21,-159.78,75.2,73,53,11.41
117,Saint George,US,2020-08-25  20:49:50,37.1,-113.58,104.0,18,1,13.98
118,Faya,SA,2020-08-25  20:49:50,18.39,42.45,71.6,77,95,3.36
119,Castro,BR,2020-08-25  20:49:50,-24.79,-50.01,55.56,81,0,7.2
120,Cape Town,ZA,2020-08-25  20:49:18,-33.93,18.42,57.0,93,75,9.17
121,Banjar,ID,2020-08-25  20:47:57,-8.19,114.97,78.8,100,40,10.29
122,Susehri,TR,2020-08-25  20:49:51,40.16,38.09,63.12,52,0,2.57
123,Kaduqli,SD,2020-08-25  20:49:51,11.02,29.72,74.07,88,71,1.95
124,Vao,NC,2020-08-25  20:49:51,-22.67,167.48,67.64,66,78,13.18
125,Sanchor,IN,2020-08-25  20:49:51,24.76,71.77,79.9,85,92,16.31
126,Akyab,MM,2020-08-25  20:47:39,20.15,92.9,80.31,87,100,13.4
127,Waingapu,ID,2020-08-25  20:49:51,-9.66,120.26,72.64,81,3,11.36
128,Nanortalik,GL,2020-08-25  20:49:51,60.14,-45.24,46.67,82,8,5.73
129,Aksu,CN,2020-08-25  20:49:52,41.12,80.26,80.13,19,9,4.68
130,Kwekwe,ZW,2020-08-25  20:49:52,-18.93,29.81,62.6,32,0,4.65
131,Kahului,US,2020-08-25  20:45:10,20.89,-156.47,89.6,40,20,17.22
132,Parkersburg,US,2020-08-25  20:49:52,39.27,-81.56,75.2,73,75,4.7
133,College,US,2020-08-25  20:49:52,64.86,-147.8,57.2,82,90,3.36
134,Iquique,CL,2020-08-25  20:49:52,-20.22,-70.14,64.4,63,2,20.8
135,Padang,ID,2020-08-25  20:49:53,-0.95,100.35,77.59,73,97,4.03
136,Kitimat,CA,2020-08-25  20:49:53,54.05,-128.65,57.99,84,95,1.99
137,Meulaboh,ID,2020-08-25  20:49:53,4.14,96.13,76.01,85,90,3.15
138,Coihaique,CL,2020-08-25  20:49:53,-45.58,-72.07,39.2,69,90,1.77
139,Grajduri,RO,2020-08-25  20:49:53,46.97,27.52,63.0,93,75,5.82
140,Fairbanks,US,2020-08-25  20:48:16,64.84,-147.72,57.2,82,90,3.36
141,Roald,NO,2020-08-25  20:49:54,62.58,6.13,51.8,76,75,3.36
142,Iqaluit,CA,2020-08-25  20:49:54,63.75,-68.51,53.6,58,75,13.87
143,Ballyshannon,IE,2020-08-25  20:49:54,54.5,-8.18,57.2,93,40,19.46
144,Mabay,PH,2020-08-25  20:49:54,6.06,124.47,79.12,80,40,3.74
145,Chokurdakh,RU,2020-08-25  20:49:54,70.63,147.92,37.09,91,100,4.7
146,Rio Gallegos,AR,2020-08-25  20:45:08,-51.62,-69.22,44.6,33,0,17.22
147,Bar Harbor,US,2020-08-25  20:48:00,44.39,-68.2,71.01,83,75,10.29
148,Carnarvon,AU,2020-08-25  20:49:55,-24.87,113.63,60.8,82,0,14.99
149,Cherskiy,RU,2020-08-25  20:49:55,68.75,161.3,38.82,95,100,3.67
150,Lagunas,PE,2020-08-25  20:49:55,-5.23,-75.68,90.55,39,4,2.46
151,Sawakin,SD,2020-08-25  20:49:55,19.11,37.33,89.6,59,38,4.7
152,Souillac,MU,2020-08-25  20:49:55,-20.52,57.52,69.8,83,20,10.29
153,North Bend,US,2020-08-25  20:49:56,43.41,-124.22,75.99,68,1,21.92
154,Praia Da Vitoria,PT,2020-08-25  20:49:56,38.73,-27.07,78.8,78,40,11.14
155,Agirish,RU,2020-08-25  20:49:56,61.92,63.02,51.46,100,100,2.93
156,Cavalcante,BR,2020-08-25  20:49:56,-13.8,-47.46,80.01,28,0,8.43
157,Nikolskoye,RU,2020-08-25  20:49:56,59.7,30.79,60.01,87,75,4.47
158,Port Elizabeth,ZA,2020-08-25  20:49:56,-33.92,25.57,61.0,72,0,7.0
159,Huarmey,PE,2020-08-25  20:49:56,-10.07,-78.15,66.43,68,20,11.01
160,Kapaa,US,2020-08-25  20:49:57,22.08,-159.32,84.2,70,75,12.75
161,Palmer,US,2020-08-25  20:49:57,42.16,-72.33,84.0,58,32,13.29
162,Muli,MV,2020-08-25  20:49:57,2.92,73.57,83.39,75,100,13.62
163,Hithadhoo,MV,2020-08-25  20:49:57,-0.6,73.08,81.57,76,100,8.5
164,Kochinda,IN,2020-08-25  20:49:57,21.73,84.35,75.38,95,100,6.67
165,Banda Aceh,ID,2020-08-25  20:44:59,5.56,95.32,79.68,78,29,4.34
166,Chebsara,RU,2020-08-25  20:49:58,59.2,38.84,57.2,100,75,4.43
167,Ouesso,CG,2020-08-25  20:49:58,1.61,16.05,71.22,94,100,2.26
168,Bambous Virieux,MU,2020-08-25  20:49:58,-20.34,57.76,71.01,83,20,10.29
169,Katsuura,JP,2020-08-25  20:49:58,35.13,140.3,78.01,88,20,5.82
170,Orange Cove,US,2020-08-25  20:48:01,36.62,-119.31,93.99,43,1,4.7
171,Neyshabur,IR,2020-08-25  20:47:04,36.21,58.8,60.1,47,5,1.66
172,Mitu,CO,2020-08-25  20:49:58,1.2,-70.17,82.45,64,99,2.33
173,Puerto Escondido,MX,2020-08-25  20:49:59,15.85,-97.07,80.6,65,90,7.23
174,Abha,SA,2020-08-25  20:49:59,18.22,42.51,71.6,77,100,3.36
175,Aquiraz,BR,2020-08-25  20:49:13,-3.9,-38.39,80.6,69,0,11.41
176,Mumford,GH,2020-08-25  20:49:59,5.26,-0.76,73.4,92,18,7.61
177,Namatanai,PG,2020-08-25  20:49:59,-3.67,152.43,79.11,80,2,6.93
178,Rawson,AR,2020-08-25  20:50:00,-43.3,-65.1,46.09,73,99,15.43
179,Vestmanna,FO,2020-08-25  20:50:00,62.16,-7.17,46.4,81,86,1.12
180,Cidreira,BR,2020-08-25  20:50:00,-30.18,-50.21,62.89,82,0,23.98
181,East London,ZA,2020-08-25  20:50:00,-33.02,27.91,63.91,63,21,19.55
182,Thinadhoo,MV,2020-08-25  20:50:00,0.53,72.93,83.64,70,100,9.66
183,Ariquemes,BR,2020-08-25  20:50:01,-9.91,-63.04,98.62,19,69,2.3
184,Mahebourg,MU,2020-08-25  20:50:01,-20.41,57.7,69.8,83,20,10.29
185,Ostrovnoy,RU,2020-08-25  20:50:01,68.05,39.51,51.39,71,11,10.63
186,Khatanga,RU,2020-08-25  20:50:01,71.97,102.5,52.02,76,44,3.76
187,Inta,RU,2020-08-25  20:50:01,66.03,60.17,53.89,93,99,10.04
188,Alyangula,AU,2020-08-25  20:50:02,-13.85,136.42,66.2,88,3,3.36
189,Sexsmith,CA,2020-08-25  20:49:56,55.35,-118.79,66.2,42,75,20.8
190,Lensk,RU,2020-08-25  20:50:02,60.73,114.93,40.86,71,0,4.94
191,Panalingaan,PH,2020-08-25  20:50:02,8.78,117.42,77.99,82,4,4.7
192,Isthmia,GR,2020-08-25  20:50:02,37.91,23.0,82.4,51,75,1.14
193,Luis Correia,BR,2020-08-25  20:50:02,-2.88,-41.67,78.39,82,0,9.71
194,Tabou,CI,2020-08-25  20:50:03,4.42,-7.35,75.24,83,92,7.2
195,Provideniya,RU,2020-08-25  20:50:03,64.38,-173.3,51.8,87,90,6.71
196,Pakxe,LA,2020-08-25  20:50:03,15.12,105.78,75.94,90,68,2.39
197,Ambilobe,MG,2020-08-25  20:50:03,-13.2,49.05,68.09,80,12,4.23
198,Pasighat,IN,2020-08-25  20:50:03,28.07,95.33,79.47,77,50,2.37
199,Shelburne,CA,2020-08-25  20:47:32,44.08,-80.2,75.2,53,1,11.41
200,Shimoda,JP,2020-08-25  20:50:04,34.67,138.95,72.0,95,0,1.01
201,Hermanus,ZA,2020-08-25  20:50:04,-34.42,19.23,55.99,93,97,9.06
202,Beisfjord,NO,2020-08-25  20:50:04,68.38,17.6,46.4,93,35,13.87
203,Sioux Lookout,CA,2020-08-25  20:50:04,50.1,-91.92,69.8,68,75,6.93
204,Longyearbyen,SJ,2020-08-25  20:50:04,78.22,15.64,41.0,79,13,4.7
205,Suntar,RU,2020-08-25  20:50:04,62.14,117.63,39.31,73,11,3.44
206,Marabba,SD,2020-08-25  20:50:04,12.35,32.18,80.15,74,73,6.93
207,Grand Gaube,MU,2020-08-25  20:50:05,-20.01,57.66,71.01,76,19,4.0
208,Glendive,US,2020-08-25  20:50:05,47.11,-104.71,93.2,24,1,11.41
209,Niltepec,MX,2020-08-25  20:50:05,16.57,-94.62,85.96,70,49,5.32
210,Codrington,AU,2020-08-25  20:50:05,-38.27,141.97,37.71,91,9,8.66
211,Atasu,KZ,2020-08-25  20:50:05,48.68,71.64,55.89,55,0,2.28
212,Porto Novo,BJ,2020-08-25  20:47:54,6.5,2.6,77.0,88,20,6.93
213,Curuguaty,PY,2020-08-25  20:50:06,-24.47,-55.69,73.74,64,0,6.91
214,Mogadishu,SO,2020-08-25  20:48:19,2.04,45.34,76.95,84,11,15.35
215,Ileza,RU,2020-08-25  20:50:06,61.05,43.9,51.31,83,54,3.62
216,Suamico,US,2020-08-25  20:47:49,44.63,-88.04,84.0,51,40,9.17
217,Gravdal,NO,2020-08-25  20:50:06,68.12,13.5,48.2,81,40,9.17
218,Yima,CN,2020-08-25  20:50:06,34.74,111.88,75.99,99,0,0.74
219,Maraba,BR,2020-08-25  20:50:07,-5.37,-49.12,95.0,41,40,6.93
220,Garwolin,PL,2020-08-25  20:50:07,51.9,21.61,59.0,77,9,6.11
221,Saint-Augustin,CA,2020-08-25  20:50:07,51.23,-58.65,60.06,74,100,11.41
222,Apartado,CO,2020-08-25  20:50:07,7.88,-76.63,78.8,88,40,9.17
223,Poum,NC,2020-08-25  20:50:07,-20.23,164.02,70.56,78,54,12.37
224,Norwich,GB,2020-08-25  20:50:07,52.63,1.3,66.2,63,80,34.45
225,Staszow,PL,2020-08-25  20:50:08,50.56,21.17,66.0,84,41,2.71
226,Awjilah,LY,2020-08-25  20:47:31,29.11,21.29,80.06,49,0,11.74
227,Berdigestyakh,RU,2020-08-25  20:50:08,62.1,126.7,37.67,78,0,3.53
228,Prince Rupert,CA,2020-08-25  20:46:11,54.32,-130.32,55.4,93,90,8.05
229,Kropotkin,RU,2020-08-25  20:50:08,45.44,40.58,66.27,40,0,11.99
230,Tezu,IN,2020-08-25  20:50:08,27.92,96.17,76.06,83,78,3.91
231,Fortuna,US,2020-08-25  20:50:08,40.6,-124.16,66.99,77,1,16.11
232,Lexington,US,2020-08-25  20:50:08,37.99,-84.48,89.6,52,1,5.82
233,Calera,US,2020-08-25  20:50:09,33.1,-86.75,78.01,88,90,5.82
234,Mustasaari,FI,2020-08-25  20:50:09,63.11,21.68,54.0,93,24,2.24
235,Vila Franca Do Campo,PT,2020-08-25  20:50:09,37.72,-25.43,75.2,88,40,9.17
236,Nyagan,RU,2020-08-25  20:50:09,62.14,65.39,53.22,84,100,2.08
237,Ekhabi,RU,2020-08-25  20:50:09,53.51,142.97,56.43,97,100,10.76
238,Tam Ky,VN,2020-08-25  20:50:09,15.57,108.48,84.2,70,20,2.24
239,Kaka,TM,2020-08-25  20:50:09,37.35,59.61,66.16,39,6,3.83
240,Takoradi,GH,2020-08-25  20:50:10,4.88,-1.76,74.23,88,29,8.14
241,Olinda,BR,2020-08-25  20:45:49,-8.01,-34.86,78.8,69,20,17.22
242,Talnakh,RU,2020-08-25  20:50:10,69.49,88.4,51.8,93,91,6.71
243,Los Llanos De Aridane,ES,2020-08-25  20:50:10,28.66,-17.92,80.01,78,20,17.22
244,Ballarat,AU,2020-08-25  20:48:26,-37.57,143.85,39.0,86,7,2.46
245,Kuruman,ZA,2020-08-25  20:50:10,-27.45,23.43,63.0,15,1,6.04
246,Aykhal,RU,2020-08-25  20:50:10,66.0,111.5,46.4,76,22,4.47
247,Oussouye,SN,2020-08-25  20:48:03,12.48,-16.55,80.6,94,40,4.7
248,Makakilo City,US,2020-08-25  20:47:34,21.35,-158.09,87.8,48,20,8.05
249,Lipno,PL,2020-08-25  20:50:11,52.84,19.18,59.0,69,87,3.24
250,Pinawa,CA,2020-08-25  20:50:11,50.15,-95.88,82.17,40,100,4.54
251,Guerrero Negro,MX,2020-08-25  20:50:11,27.98,-114.06,82.54,61,22,15.3
252,Torbat-E Jam,IR,2020-08-25  20:50:11,35.24,60.62,62.89,41,1,16.93
253,Balsas,BR,2020-08-25  20:50:11,-7.53,-46.04,89.33,32,80,4.34
254,Erenhot,CN,2020-08-25  20:50:12,43.65,111.98,70.86,37,28,3.8
255,Hofn,IS,2020-08-25  20:50:12,64.25,-15.21,50.4,84,3,3.27
256,Paita,PE,2020-08-25  20:50:12,-5.09,-81.11,66.18,67,67,20.2
257,Victor Harbor,AU,2020-08-25  20:50:12,-35.57,138.62,53.01,74,1,6.6
258,Boke,GN,2020-08-25  20:50:13,10.94,-14.3,74.93,93,100,5.5
259,Batagay,RU,2020-08-25  20:50:13,67.63,134.63,37.69,77,0,2.06
260,Zhezkazgan,KZ,2020-08-25  20:50:13,47.8,67.71,61.61,42,0,6.44
261,Constitucion,CL,2020-08-25  20:47:28,-35.33,-72.42,52.9,82,43,23.62
262,Seymchan,RU,2020-08-25  20:50:13,62.88,152.43,47.64,52,68,3.29
263,Chitungwiza,ZW,2020-08-25  20:50:13,-18.01,31.08,59.58,52,21,4.43
264,Kudahuvadhoo,MV,2020-08-25  20:50:13,2.67,72.89,83.23,74,100,12.66
265,Biltine,TD,2020-08-25  20:50:14,14.53,20.92,75.79,81,14,8.1
266,Tarrafal,CV,2020-08-25  20:50:14,15.28,-23.77,84.2,74,20,5.82
267,Loanda,AO,2020-08-25  20:50:14,-8.84,13.23,73.4,78,75,8.05
268,Lompoc,US,2020-08-25  20:50:14,34.64,-120.46,75.99,73,1,14.99
269,Jackson,US,2020-08-25  20:50:14,42.42,-122.83,86.0,34,1,3.36
270,Yar-Sale,RU,2020-08-25  20:50:14,66.83,70.83,50.92,81,0,7.05
271,Cap Malheureux,MU,2020-08-25  20:50:15,-19.98,57.61,71.01,76,18,4.0
272,Biloela,AU,2020-08-25  20:50:15,-24.42,150.5,48.7,60,0,8.79
273,Beranang,MY,2020-08-25  20:50:06,2.87,101.87,78.8,83,20,2.24
274,Bengkulu,ID,2020-08-25  20:50:15,-3.8,102.27,77.09,80,98,7.94
275,Masloc,RO,2020-08-25  20:50:15,46.0,21.45,64.4,100,48,5.82
276,Kirando,TZ,2020-08-25  20:50:16,-7.42,30.6,76.33,55,34,3.87
277,Krasnoarmeysk,RU,2020-08-25  20:50:16,51.02,45.7,72.0,43,0,1.01
278,Kushima,JP,2020-08-25  20:50:16,31.46,131.23,78.8,89,8,10.98
279,Del Rio,US,2020-08-25  20:50:16,29.36,-100.9,96.8,32,1,4.7
280,Srednekolymsk,RU,2020-08-25  20:50:16,67.45,153.68,41.47,74,95,2.48
281,Kamenka,RU,2020-08-25  20:50:16,51.32,42.77,65.28,40,25,7.36
282,Christchurch,NZ,2020-08-25  20:50:16,-43.53,172.63,46.0,69,3,6.93
283,Isangel,VU,2020-08-25  20:50:17,-19.55,169.27,73.4,94,90,5.82
284,Verkhnevilyuysk,RU,2020-08-25  20:50:17,63.45,120.32,37.47,77,0,3.15
285,Avera,US,2020-08-25  20:50:17,33.19,-82.53,86.0,84,40,4.7
286,Balikpapan,ID,2020-08-25  20:47:17,-1.27,116.83,76.08,89,52,7.0
287,Torbay,CA,2020-08-25  20:50:17,47.67,-52.73,61.0,77,75,12.75
288,Onokhino,RU,2020-08-25  20:50:17,56.92,65.54,60.8,93,40,11.18
289,Axim,GH,2020-08-25  20:50:17,4.87,-2.24,74.3,88,21,7.52
290,Touros,BR,2020-08-25  20:50:17,-5.2,-35.46,78.8,74,20,16.11
291,Majene,ID,2020-08-25  20:50:18,-3.54,118.97,76.5,85,37,14.09
292,Coquimbo,CL,2020-08-25  20:50:18,-29.95,-71.34,53.6,81,93,6.93
293,Visnes,NO,2020-08-25  20:50:18,59.36,5.22,55.99,81,100,9.17
294,Zhangye,CN,2020-08-25  20:50:18,38.93,100.45,72.41,26,0,8.12
295,Bubaque,GW,2020-08-25  20:50:18,11.28,-15.83,81.39,78,100,11.12
296,Saint-Francois,FR,2020-08-25  20:50:18,46.42,3.91,68.0,59,75,7.2
297,Omboue,GA,2020-08-25  20:50:18,-1.57,9.26,75.33,84,35,6.49
298,Great Yarmouth,GB,2020-08-25  20:50:19,52.61,1.73,66.0,91,68,14.0
299,Huangzhai,CN,2020-08-25  20:50:19,38.08,112.66,60.8,82,2,2.64
300,Cayenne,GF,2020-08-25  20:50:19,4.93,-52.33,87.8,62,3,8.05
301,Tiznit,MA,2020-08-25  20:50:19,29.58,-9.5,95.77,17,53,2.37
302,Whitehorse,CA,2020-08-25  20:48:59,60.72,-135.05,55.4,66,90,10.29
303,Hamilton,US,2020-08-25  20:46:02,39.18,-84.53,93.0,55,75,8.05
304,Matara,LK,2020-08-25  20:50:19,5.95,80.54,78.37,87,100,5.3
305,Kushmurun,KZ,2020-08-25  20:50:19,52.45,64.63,63.21,64,44,8.95
306,Zary,PL,2020-08-25  20:50:20,51.64,15.14,66.0,63,87,5.01
307,Chernyshevskiy,RU,2020-08-25  20:50:20,63.01,112.47,38.82,84,13,2.84
308,Wilmington,US,2020-08-25  20:48:37,34.23,-77.94,87.8,62,1,9.17
309,Mindelo,CV,2020-08-25  20:50:20,16.89,-24.98,84.2,66,40,3.36
310,Riviere-Au-Renard,CA,2020-08-25  20:50:20,49.0,-64.4,69.8,83,90,5.82
311,Tongling,CN,2020-08-25  20:50:21,30.95,117.78,75.4,91,45,4.09
312,Paranhos,BR,2020-08-25  20:50:21,-23.89,-55.43,70.92,69,0,9.51
313,Severo-Kurilsk,RU,2020-08-25  20:50:21,50.68,156.12,53.42,92,90,14.41
314,Riverton,US,2020-08-25  20:49:37,40.52,-111.94,95.0,35,40,11.41
315,Mae Hong Son,TH,2020-08-25  20:48:23,19.3,97.97,73.94,88,100,0.16
316,Coruripe,BR,2020-08-25  20:50:21,-10.13,-36.18,73.24,83,78,12.37
317,Kankakee,US,2020-08-25  20:50:21,41.15,-87.87,91.0,46,1,4.7
318,Dong Xoai,VN,2020-08-25  20:50:22,11.53,106.92,75.33,93,0,2.3
319,Egvekinot,RU,2020-08-25  20:50:22,66.32,-179.17,49.1,74,100,5.26
320,Sesimbra,PT,2020-08-25  20:50:22,38.44,-9.1,73.4,73,0,9.17
321,Smithers,CA,2020-08-25  20:45:58,54.78,-127.17,59.0,67,75,4.74
322,Rocha,UY,2020-08-25  20:50:22,-34.48,-54.33,62.13,80,100,10.8
323,Caraballeda,VE,2020-08-25  20:50:22,10.61,-66.85,75.0,76,94,9.13
324,Camrose,CA,2020-08-25  20:46:45,53.02,-112.84,68.0,47,1,3.0
325,Umm Lajj,SA,2020-08-25  20:50:22,25.02,37.27,84.96,54,0,6.26
326,Sao Filipe,CV,2020-08-25  20:50:23,14.9,-24.5,79.79,84,22,5.82
327,Broome,US,2020-08-25  20:50:23,42.25,-75.83,79.0,64,20,16.11
328,Conceicao Do Araguaia,BR,2020-08-25  20:50:23,-8.26,-49.26,88.47,40,49,2.82
329,Casablanca,MA,2020-08-25  20:49:58,33.59,-7.62,77.0,78,24,10.29
330,Caravelas,BR,2020-08-25  20:50:23,-17.71,-39.25,69.85,67,0,14.23
331,Canoinhas,BR,2020-08-25  20:50:23,-26.18,-50.39,59.43,77,0,2.95
332,Gornopravdinsk,RU,2020-08-25  20:50:23,60.05,69.9,52.16,82,100,4.38
333,Mongo,TD,2020-08-25  20:50:24,12.18,18.69,70.97,94,100,1.54
334,Ilulissat,GL,2020-08-25  20:50:24,69.22,-51.1,42.8,75,40,3.36
335,Pisco,PE,2020-08-25  20:50:24,-13.7,-76.22,66.2,72,23,11.41
336,Waipawa,NZ,2020-08-25  20:50:24,-41.41,175.52,48.2,61,96,19.46
337,Pryazha,RU,2020-08-25  20:50:24,61.69,33.62,51.8,100,92,4.61
338,Viedma,AR,2020-08-25  20:50:24,-40.81,-63.0,48.0,95,97,3.0
339,Lorengau,PG,2020-08-25  20:50:24,-2.02,147.27,82.35,77,94,13.38
340,Dafeng,CN,2020-08-25  20:50:25,23.45,108.59,79.18,83,13,2.13
341,Kushiro,JP,2020-08-25  20:50:25,42.98,144.37,66.33,92,89,5.55
342,Macau,MO,2020-08-25  20:50:25,22.2,113.55,86.0,89,20,5.82
343,Tall Kayf,TR,2020-08-25  20:50:25,37.08,41.07,78.84,18,0,4.14
344,Hervey Bay,AU,2020-08-25  20:50:25,-25.3,152.85,53.01,57,0,6.93
345,Richards Bay,ZA,2020-08-25  20:50:26,-28.78,32.04,72.48,63,0,15.48
346,Kununurra,AU,2020-08-25  20:46:10,-15.77,128.73,62.6,32,15,4.81
347,Hovd,MN,2020-08-25  20:50:26,48.01,91.64,60.03,45,0,19.17
348,Noumea,NC,2020-08-25  20:50:26,-22.28,166.46,68.0,82,61,2.24
349,Thunder Bay,CA,2020-08-25  20:50:05,48.4,-89.32,68.0,72,75,11.41
350,Upernavik,GL,2020-08-25  20:50:27,72.79,-56.15,42.1,89,100,3.83
351,Dingle,PH,2020-08-25  20:50:27,11.0,122.67,75.24,87,99,3.44
352,Bandarbeyla,SO,2020-08-25  20:50:27,9.49,50.81,76.35,84,35,30.74
353,Sosnovo-Ozerskoye,RU,2020-08-25  20:50:27,52.52,111.54,45.12,93,78,5.59
354,Tazmalt,DZ,2020-08-25  20:50:27,36.39,4.4,73.4,73,0,4.7
355,Mandalgovi,MN,2020-08-25  20:50:28,45.76,106.27,60.93,47,32,9.91
356,Tanete,ID,2020-08-25  20:50:28,-3.94,119.78,73.13,87,11,8.43
357,Voi,KE,2020-08-25  20:50:28,-3.39,38.56,67.66,82,13,7.2
358,Acarau,BR,2020-08-25  20:49:21,-2.89,-40.12,77.58,75,0,13.0
359,Santa Flavia,IT,2020-08-25  20:50:28,38.09,13.54,80.01,74,6,3.69
360,Babu,CN,2020-08-25  20:50:28,24.42,111.52,77.31,90,100,2.35
361,Chapais,CA,2020-08-25  20:50:28,49.78,-74.85,57.2,71,75,12.75
362,Tateyama,JP,2020-08-25  20:50:29,34.98,139.87,77.0,92,0,3.0
363,Anau,PF,2020-08-25  20:50:29,-16.52,-151.73,76.08,82,33,19.93
364,Kavieng,PG,2020-08-25  20:50:29,-2.57,150.8,81.73,78,1,11.3
365,Visby,SE,2020-08-25  20:50:29,57.64,18.3,64.0,62,2,6.93
366,La Ronge,CA,2020-08-25  20:50:29,55.1,-105.28,51.8,93,90,12.75
367,Chardara,KZ,2020-08-25  20:50:29,41.25,67.97,72.05,53,91,5.48
368,Pevek,RU,2020-08-25  20:50:30,69.7,170.31,38.08,98,100,2.59
369,Calvinia,ZA,2020-08-25  20:50:30,-31.47,19.78,45.25,89,3,4.5
370,Kiunga,PG,2020-08-25  20:50:30,-6.12,141.29,71.67,98,98,2.01
371,Yantal,RU,2020-08-25  20:50:30,56.85,105.25,51.17,81,1,1.92
372,Uruzgan,AF,2020-08-25  20:50:30,32.83,66.0,72.91,35,0,3.31
373,Merauke,ID,2020-08-25  20:49:46,-8.47,140.33,76.86,83,100,15.3
374,Honningsvag,NO,2020-08-25  20:50:31,70.98,25.97,48.2,76,40,4.7
375,West Bay,KY,2020-08-25  20:50:31,19.37,-81.42,89.6,70,20,14.99
376,Balkanabat,TM,2020-08-25  20:50:31,39.51,54.37,70.45,38,0,5.06
377,Dubrovka,RU,2020-08-25  20:50:31,53.69,33.51,61.7,95,100,12.71
378,Krasnogvardeyskiy,RU,2020-08-25  20:50:31,57.38,62.32,56.66,95,5,8.61
379,Lovozero,RU,2020-08-25  20:50:31,68.0,35.01,45.64,67,0,5.17
380,Biak,ID,2020-08-25  20:50:31,-0.91,122.88,75.45,82,80,8.14
381,Erdaojiang,CN,2020-08-25  20:50:32,41.78,126.03,65.53,89,100,2.39
382,Nouadhibou,MR,2020-08-25  20:50:32,20.93,-17.03,70.92,93,70,12.82
383,Trairi,BR,2020-08-25  20:46:41,-3.28,-39.27,76.75,74,0,8.59
384,Namibe,AO,2020-08-25  20:50:32,-15.2,12.15,65.41,84,84,4.65
385,Ouallam,NE,2020-08-25  20:50:32,14.32,2.09,84.94,61,70,12.41
386,Ilhabela,BR,2020-08-25  20:50:32,-23.78,-45.36,64.47,67,25,5.84
387,Abu Samrah,SY,2020-08-25  20:50:33,35.3,37.18,73.53,54,0,8.1
388,Campbell River,CA,2020-08-25  20:50:33,50.02,-125.24,70.0,52,20,9.17
389,Maragogi,BR,2020-08-25  20:50:33,-9.01,-35.22,74.16,78,54,8.52
390,Odesskoye,RU,2020-08-25  20:50:33,54.21,72.97,56.75,87,95,9.86
391,Zhanaozen,KZ,2020-08-25  20:47:32,43.3,52.8,68.36,51,0,6.87
392,Morbegno,IT,2020-08-25  20:50:33,46.14,9.57,72.0,67,0,2.82
393,Dubai,AE,2020-08-25  20:50:05,25.26,55.3,93.2,63,82,4.7
394,Bandraboua,YT,2020-08-25  20:50:34,-12.7,45.12,73.4,83,0,2.24
395,Ushtobe,KZ,2020-08-25  20:50:34,45.25,77.98,62.2,57,0,11.77
396,Bonthe,SL,2020-08-25  20:50:34,7.53,-12.51,76.93,85,100,10.89
397,Sainte-Maxime,FR,2020-08-25  20:50:34,43.3,6.63,73.4,43,2,4.7
398,Dutlwe,BW,2020-08-25  20:50:35,-23.98,23.9,63.25,29,0,6.78
399,Nome,US,2020-08-25  20:50:35,64.5,-165.41,54.0,81,90,5.1
400,Capul,PH,2020-08-25  20:50:35,12.42,124.18,83.08,79,97,11.65
401,Whithorn,JM,2020-08-25  20:50:35,18.26,-78.04,87.8,62,40,8.05
402,Bathsheba,BB,2020-08-25  20:50:36,13.22,-59.52,86.0,74,40,11.41
403,Kayerkan,RU,2020-08-25  20:50:36,69.35,87.76,51.8,93,79,6.71
404,Port Hardy,CA,2020-08-25  20:45:58,50.7,-127.42,62.6,67,75,10.29
405,Kasempa,ZM,2020-08-25  20:50:36,-13.46,25.83,63.86,42,30,2.73
406,Colac,AU,2020-08-25  20:50:36,-38.33,143.58,41.0,99,34,3.94
407,Mount Isa,AU,2020-08-25  20:50:36,-20.73,139.5,51.8,32,0,17.09
408,Itoman,JP,2020-08-25  20:50:37,26.12,127.67,82.0,94,75,11.41
409,Almoradi,ES,2020-08-25  20:50:37,38.11,-0.79,81.0,87,0,1.25
410,Urengoy,RU,2020-08-25  20:50:37,65.97,78.37,49.89,91,0,2.66
411,Comodoro Rivadavia,AR,2020-08-25  20:50:37,-45.87,-67.5,44.6,75,40,10.29
412,Shimanovsk,RU,2020-08-25  20:50:37,52.0,127.7,55.67,97,94,5.68
413,Timberlake,US,2020-08-25  20:50:37,37.32,-79.26,90.0,49,1,8.05
414,Djambala,CG,2020-08-25  20:50:37,-2.54,14.75,73.31,77,0,3.11
415,Havelock,US,2020-08-25  20:50:38,34.88,-76.9,88.0,69,72,8.99
416,Fernie,CA,2020-08-25  20:47:01,49.5,-115.07,80.6,31,75,14.99
417,Karaton,ID,2020-08-25  20:50:38,-6.34,106.1,80.01,74,20,4.7
418,Dudinka,RU,2020-08-25  20:47:53,69.41,86.18,51.8,93,51,6.71
419,Okhotsk,RU,2020-08-25  20:50:38,59.38,143.3,51.06,88,100,16.44
420,Lata,PT,2020-08-25  20:50:38,40.16,-8.33,69.01,94,40,10.29
421,Gresham,US,2020-08-25  20:50:38,45.5,-122.43,75.99,49,1,5.53
422,Shonguy,RU,2020-08-25  20:50:39,68.75,33.15,41.0,93,0,4.47
423,Yerbogachen,RU,2020-08-25  20:50:39,61.28,108.01,43.59,76,0,6.98
424,Port-Gentil,GA,2020-08-25  20:50:39,-0.72,8.78,75.2,94,75,8.75
425,Hanover,DE,2020-08-25  20:48:41,52.37,9.73,66.0,72,99,10.29
426,Tautira,PF,2020-08-25  20:50:40,-17.73,-149.15,80.6,65,75,2.24
427,Novaya Bryan,RU,2020-08-25  20:50:40,51.72,108.27,46.4,93,43,2.24
428,Villazon,BO,2020-08-25  20:50:40,-22.09,-65.59,62.46,27,41,24.45
429,Vigrestad,NO,2020-08-25  20:50:40,58.57,5.7,54.0,87,100,18.16
430,Palasa,IN,2020-08-25  20:50:40,18.77,84.42,79.18,85,100,5.32
431,Seoul,KR,2020-08-25  20:46:46,37.57,126.98,78.8,100,61,4.7
432,Borogontsy,RU,2020-08-25  20:50:40,62.67,131.17,39.33,88,0,3.22
433,Srandakan,ID,2020-08-25  20:50:41,-7.94,110.25,74.86,83,70,9.73
434,Tymovskoye,RU,2020-08-25  20:50:41,50.85,142.66,62.78,95,89,3.44
435,Kargasok,RU,2020-08-25  20:50:41,59.06,80.86,44.58,97,1,3.78
436,Sungaipenuh,ID,2020-08-25  20:50:41,-2.08,101.38,66.72,76,98,3.09
437,Asau,RO,2020-08-25  20:50:41,46.43,26.4,60.01,99,99,2.01
438,Micheweni,TZ,2020-08-25  20:50:41,-4.97,39.83,75.78,83,31,10.8
439,Naze,JP,2020-08-25  20:47:47,28.37,129.48,84.2,83,75,12.75
440,Kapoeta,SS,2020-08-25  20:50:42,4.77,33.59,74.39,82,43,4.79
441,Yarada,IN,2020-08-25  20:50:42,17.65,83.27,78.8,94,90,2.24
442,Hasaki,JP,2020-08-25  20:50:42,35.73,140.83,75.2,94,20,4.7
443,Pemangkat,ID,2020-08-25  20:50:42,1.17,108.97,78.08,84,98,4.9
444,Abu Road,IN,2020-08-25  20:50:42,24.48,72.78,76.35,90,98,10.22
445,Humberto De Campos,BR,2020-08-25  20:50:43,-2.6,-43.46,78.62,78,37,5.48
446,Kalmunai,LK,2020-08-25  20:50:43,7.42,81.82,78.76,83,100,8.68
447,Amahai,ID,2020-08-25  20:50:43,-3.33,128.92,79.0,94,69,9.28
448,Dingli,MT,2020-08-25  20:50:43,35.86,14.38,78.01,83,1,1.12
449,Ulaangom,MN,2020-08-25  20:50:43,49.98,92.07,53.74,75,67,3.78
450,Ahipara,NZ,2020-08-25  20:50:44,-35.17,173.17,52.81,77,40,12.95
451,Kupang,ID,2020-08-25  20:50:44,-10.17,123.58,71.69,77,5,9.66
452,Manbij,SY,2020-08-25  20:50:44,36.53,37.95,71.6,43,0,4.7
453,Wajid,SO,2020-08-25  20:50:44,3.81,43.25,77.04,68,100,19.71
454,Nanakuli,US,2020-08-25  20:50:44,21.39,-158.15,87.8,48,20,8.05
455,Margate,GB,2020-08-25  20:50:44,51.38,1.39,64.0,79,38,7.0
456,Katherine,AU,2020-08-25  20:50:45,-14.47,132.27,59.0,41,27,6.93
457,Payo,ID,2020-08-25  20:50:45,-3.75,103.64,71.53,78,98,2.86
458,Victoria,HK,2020-08-25  20:50:45,22.29,114.16,86.0,84,92,11.01
459,Vysha,RU,2020-08-25  20:50:45,53.85,42.38,62.4,92,88,5.19
460,Ambon,ID,2020-08-25  20:50:45,-3.7,128.18,78.01,15,43,19.19
461,Feldkirchen An Der Donau,AT,2020-08-25  20:50:45,48.35,14.05,64.4,72,23,2.24
462,Sorland,NO,2020-08-25  20:50:46,67.67,12.69,48.2,81,40,9.17
463,Chino Valley,US,2020-08-25  20:50:46,34.76,-112.45,96.01,23,20,11.41
464,Tiksi,RU,2020-08-25  20:50:46,71.69,128.87,37.71,87,2,9.08
465,Carapegua,PY,2020-08-25  20:50:46,-25.8,-57.23,89.6,33,0,18.34
466,Ornskoldsvik,SE,2020-08-25  20:50:46,63.29,18.72,50.0,66,55,3.36
467,Moron,AR,2020-08-25  20:49:17,-34.65,-58.62,66.0,85,98,4.0
468,Palana,RU,2020-08-25  20:50:46,59.12,159.97,43.52,78,59,5.41
469,Leshukonskoye,RU,2020-08-25  20:50:47,64.9,45.76,47.52,89,29,5.66
470,Geraldton,AU,2020-08-25  20:50:47,-28.77,114.6,44.6,93,0,4.7
471,Hauge,NO,2020-08-25  20:50:47,58.34,6.28,55.0,77,100,19.57
472,Naryan-Mar,RU,2020-08-25  20:50:47,67.67,53.09,51.98,92,19,0.92
473,Okhtyrka,UA,2020-08-25  20:50:47,50.31,34.9,66.78,41,32,9.01
474,Rize,TR,2020-08-25  20:50:47,40.9,40.89,53.22,49,0,4.88
475,Breves,BR,2020-08-25  20:50:48,-1.68,-50.48,82.85,68,55,0.78
476,Stornoway,GB,2020-08-25  20:50:48,58.21,-6.39,55.99,82,100,23.04
477,Tandalti,SD,2020-08-25  20:50:48,13.02,31.87,83.14,65,62,7.23
478,Shadrinsk,RU,2020-08-25  20:50:48,56.09,63.63,58.98,93,22,13.24
479,Port Macquarie,AU,2020-08-25  20:47:22,-31.43,152.92,42.8,81,24,8.05
480,Hami,CN,2020-08-25  20:50:48,42.8,93.45,82.26,20,0,1.97
481,Jalu,LY,2020-08-25  20:50:49,29.03,21.55,80.78,47,0,12.48
482,Ajdabiya,LY,2020-08-25  20:50:49,30.76,20.23,75.56,76,0,9.51
483,Inhambane,MZ,2020-08-25  20:50:49,-23.86,35.38,71.55,82,0,14.47
484,Ilebo,CD,2020-08-25  20:50:49,-4.32,20.58,79.54,63,48,0.94
485,Korla,CN,2020-08-25  20:47:48,41.76,86.15,84.99,57,0,1.01
486,Puerto Leguizamo,CO,2020-08-25  20:50:49,-0.19,-74.78,87.89,48,71,2.28
487,Atar,MR,2020-08-25  20:50:49,20.52,-13.05,94.48,33,100,16.69
488,Gladstone,AU,2020-08-25  20:50:50,-23.85,151.25,50.0,61,0,5.82
489,Yangambi,CD,2020-08-25  20:50:50,0.81,24.43,73.24,81,24,2.24
490,Manzhouli,CN,2020-08-25  20:50:50,49.6,117.43,50.45,85,70,1.86
491,Uvalde,US,2020-08-25  20:50:50,29.37,-99.77,98.01,30,40,5.82
492,Wieliczka,PL,2020-08-25  20:50:50,49.99,20.06,61.0,82,29,4.7
493,Oranjestad,AW,2020-08-25  20:50:51,12.52,-70.03,89.6,62,20,23.04
494,Vila Velha,BR,2020-08-25  20:50:51,-20.33,-40.29,73.99,56,2,18.34
495,Muzhi,RU,2020-08-25  20:50:51,65.37,64.67,54.41,80,99,4.21
496,Marawi,PH,2020-08-25  20:50:51,8.0,124.29,75.0,89,99,5.01
497,Buraydah,SA,2020-08-25  20:48:00,26.33,43.98,96.8,26,0,11.41
498,Sidi Ali,DZ,2020-08-25  20:50:51,36.1,0.42,74.62,63,0,3.02
499,Toktogul,KG,2020-08-25  20:50:51,41.87,72.94,69.46,47,0,0.27
500,Rio Grande,BR,2020-08-25  20:50:52,-32.03,-52.1,66.2,72,90,13.87
501,Nouakchott,MR,2020-08-25  20:50:52,18.09,-15.98,79.65,83,72,12.86
502,Evensk,RU,2020-08-25  20:50:52,61.95,159.23,46.87,55,0,4.5
503,Bol,TD,2020-08-25  20:50:52,13.46,14.71,77.18,77,100,6.73
504,Soe,ID,2020-08-25  20:50:52,-9.86,124.28,58.41,92,10,4.81
505,Mwinilunga,ZM,2020-08-25  20:50:52,-11.74,24.43,61.18,38,1,1.54
506,Churapcha,RU,2020-08-25  20:50:53,62.0,132.43,37.62,90,0,4.18
507,Sol-Iletsk,RU,2020-08-25  20:50:53,51.16,54.99,67.19,48,0,6.06
508,Teruel,ES,2020-08-25  20:50:53,40.67,-0.67,75.2,69,0,9.17
509,Muros,ES,2020-08-25  20:50:53,42.78,-9.06,69.01,93,47,1.01
510,Amapa,BR,2020-08-25  20:47:32,1.0,-52.0,84.16,58,89,3.24
511,Skjervoy,NO,2020-08-25  20:50:53,70.03,20.97,48.2,76,75,6.93
512,Devils Lake,US,2020-08-25  20:50:53,48.11,-98.87,82.4,61,1,10.29
513,Port-Cartier,CA,2020-08-25  20:49:00,50.03,-66.87,59.0,100,75,10.29
514,Dalkola,IN,2020-08-25  20:50:54,25.85,87.85,83.57,78,100,7.63
515,Terrace,CA,2020-08-25  20:50:54,54.52,-128.6,59.0,72,90,12.75
516,Ayan,RU,2020-08-25  20:50:54,56.45,138.17,53.38,89,100,17.74
517,Ziarat,PK,2020-08-25  20:49:06,30.38,67.73,64.87,80,99,3.74
518,Athabasca,CA,2020-08-25  20:50:54,54.72,-113.29,69.4,50,0,12.62
519,Stony Plain,CA,2020-08-25  20:50:48,53.53,-114.0,69.01,48,20,6.93
520,Cherdyn,RU,2020-08-25  20:50:54,60.4,56.48,53.4,98,4,5.41
521,Lavrentiya,RU,2020-08-25  20:50:55,65.58,-171.0,47.59,88,91,4.88
522,Salacgriva,LV,2020-08-25  20:50:55,57.75,24.36,51.01,95,8,8.08
523,Silver City,US,2020-08-25  20:50:55,32.77,-108.28,87.8,20,1,12.75
524,Kuryk,KZ,2020-08-25  20:50:55,43.2,51.65,70.92,56,0,4.38
525,Sao Joao Da Barra,BR,2020-08-25  20:50:55,-21.64,-41.05,71.6,53,0,23.04
526,Santa Cruz,BO,2020-08-25  20:50:55,-17.8,-63.17,86.0,54,40,23.04
527,Acajutla,SV,2020-08-25  20:50:56,13.59,-89.83,89.6,59,40,3.36
528,Peniche,PT,2020-08-25  20:50:56,39.36,-9.38,71.01,90,2,8.01
529,Muhos,FI,2020-08-25  20:50:56,64.81,25.99,48.2,93,0,8.05
530,Khorixas,NA,2020-08-25  20:50:56,-20.37,14.97,50.34,90,0,2.15
531,Partizanskoye,RU,2020-08-25  20:50:56,55.5,94.39,50.72,85,100,5.39
532,San Julian,MX,2020-08-25  20:50:56,21.02,-102.17,72.72,61,50,13.67
533,Husavik,IS,2020-08-25  20:50:56,66.04,-17.34,50.0,76,20,5.82
534,Flinders,AU,2020-08-25  20:50:57,-34.58,150.86,45.0,83,0,1.01
535,Kungurtug,RU,2020-08-25  20:50:57,50.6,97.52,48.2,83,86,3.27
536,Riyadh,SA,2020-08-25  20:47:56,24.69,46.72,93.2,23,24,4.7
537,San Felipe,VE,2020-08-25  20:50:57,10.34,-68.74,81.63,81,57,2.44
538,Rosetta,EG,2020-08-25  20:50:57,31.4,30.42,80.6,69,0,4.7
539,Vostok,RU,2020-08-25  20:50:57,46.49,135.88,61.63,100,75,2.28
540,Zambezi,ZM,2020-08-25  20:50:57,-13.54,23.1,65.25,27,14,3.49
541,Angarsk,RU,2020-08-25  20:50:58,52.54,103.89,50.0,100,95,6.71
542,Taft,IR,2020-08-25  20:50:58,31.75,54.21,78.8,29,0,11.41
543,Henties Bay,NA,2020-08-25  20:50:58,-22.12,14.28,55.99,80,3,1.99
544,Maceio,BR,2020-08-25  20:46:59,-9.67,-35.74,71.6,94,75,6.93
545,Tahe,CN,2020-08-25  20:50:58,52.33,124.73,52.02,94,93,2.86
546,Soto La Marina,MX,2020-08-25  20:46:04,23.77,-98.22,80.01,89,98,5.01
547,Chara,RU,2020-08-25  20:50:59,56.91,118.26,42.8,76,38,1.68
548,Katangli,RU,2020-08-25  20:50:59,51.71,143.23,61.39,94,92,13.49
549,Naliya,IN,2020-08-25  20:50:59,23.27,68.83,81.18,83,1,17.92
550,Kazachinskoye,RU,2020-08-25  20:50:59,57.7,93.28,51.31,94,100,3.24
551,Alexandria,EG,2020-08-25  20:50:04,31.22,29.96,80.6,69,0,4.7
552,Ishim,RU,2020-08-25  20:50:59,56.11,69.49,57.76,97,100,8.28
553,Fallon,US,2020-08-25  20:50:59,39.47,-118.78,90.0,29,40,8.05
